# ************************************************************
# Sequel Pro SQL dump
# Version 5446
#
# https://www.sequelpro.com/
# https://github.com/sequelpro/sequelpro
#
# Host: 127.0.0.1 (MySQL 8.0.26)
# Database: billings
# Generation Time: 2022-03-04 14:33:22 +0000
# ************************************************************


/*!40101 SET @OLD_CHARACTER_SET_CLIENT=@@CHARACTER_SET_CLIENT */;
/*!40101 SET @OLD_CHARACTER_SET_RESULTS=@@CHARACTER_SET_RESULTS */;
/*!40101 SET @OLD_COLLATION_CONNECTION=@@COLLATION_CONNECTION */;
/*!40101 SET NAMES utf8 */;
SET NAMES utf8mb4;
/*!40014 SET @OLD_FOREIGN_KEY_CHECKS=@@FOREIGN_KEY_CHECKS, FOREIGN_KEY_CHECKS=0 */;
/*!40101 SET @OLD_SQL_MODE=@@SQL_MODE, SQL_MODE='NO_AUTO_VALUE_ON_ZERO' */;
/*!40111 SET @OLD_SQL_NOTES=@@SQL_NOTES, SQL_NOTES=0 */;


# Dump of table bills
# ------------------------------------------------------------

DROP TABLE IF EXISTS `bills`;

CREATE TABLE `bills` (
  `id` bigint unsigned NOT NULL AUTO_INCREMENT,
  `bill_no` varchar(255) COLLATE utf8mb4_unicode_ci NOT NULL,
  `bill_month` varchar(255) COLLATE utf8mb4_unicode_ci NOT NULL,
  `bill_year` varchar(255) COLLATE utf8mb4_unicode_ci NOT NULL,
  `bill_date` date NOT NULL,
  `bill_amount` decimal(10,2) NOT NULL,
  `bill_paid_date` date DEFAULT NULL,
  `bill_status` varchar(255) COLLATE utf8mb4_unicode_ci NOT NULL DEFAULT 'unpaid',
  `customer_id` bigint unsigned NOT NULL,
  `created_at` timestamp NULL DEFAULT NULL,
  `updated_at` timestamp NULL DEFAULT NULL,
  PRIMARY KEY (`id`),
  KEY `bills_customer_id_foreign` (`customer_id`),
  CONSTRAINT `bills_customer_id_foreign` FOREIGN KEY (`customer_id`) REFERENCES `customers` (`id`) ON DELETE CASCADE
) ENGINE=InnoDB DEFAULT CHARSET=utf8mb4 COLLATE=utf8mb4_unicode_ci;

LOCK TABLES `bills` WRITE;
/*!40000 ALTER TABLE `bills` DISABLE KEYS */;

INSERT INTO `bills` (`id`, `bill_no`, `bill_month`, `bill_year`, `bill_date`, `bill_amount`, `bill_paid_date`, `bill_status`, `customer_id`, `created_at`, `updated_at`)
VALUES
	(2,'63922','9','2014','2021-06-17',40474.77,NULL,'unpaid',3,'2022-03-04 14:28:44','2022-03-04 14:28:44'),
	(3,'93947','5','2022','2021-07-02',35241.72,NULL,'paid',4,'2022-03-04 14:28:44','2022-03-04 14:28:44'),
	(4,'86525','6','2020','2021-11-02',71014.69,NULL,'paid',5,'2022-03-04 14:28:44','2022-03-04 14:28:44'),
	(5,'86344','8','2001','2022-02-11',79107.43,NULL,'unpaid',6,'2022-03-04 14:28:44','2022-03-04 14:28:44'),
	(6,'53137','1','2004','2021-12-05',39781.66,NULL,'paid',7,'2022-03-04 14:28:44','2022-03-04 14:28:44'),
	(7,'81003','2','2020','2022-02-11',47956.82,NULL,'unpaid',8,'2022-03-04 14:28:44','2022-03-04 14:28:44'),
	(8,'70556','8','2011','2021-07-28',31842.02,NULL,'paid',9,'2022-03-04 14:28:44','2022-03-04 14:28:44'),
	(9,'60422','12','2007','2021-10-23',67342.17,NULL,'paid',10,'2022-03-04 14:28:44','2022-03-04 14:28:44'),
	(10,'22406','1','2000','2021-08-22',9225.70,NULL,'unpaid',11,'2022-03-04 14:28:44','2022-03-04 14:28:44'),
	(11,'34197','3','2003','2021-08-24',79772.78,NULL,'paid',12,'2022-03-04 14:28:44','2022-03-04 14:28:44'),
	(12,'12949','3','2018','2021-11-01',74333.43,NULL,'unpaid',13,'2022-03-04 14:28:44','2022-03-04 14:28:44'),
	(13,'39587','6','2014','2022-02-02',13686.37,NULL,'unpaid',14,'2022-03-04 14:28:44','2022-03-04 14:28:44'),
	(14,'7314','2','2015','2021-07-15',15840.34,NULL,'unpaid',15,'2022-03-04 14:28:44','2022-03-04 14:28:44'),
	(15,'77087','2','2007','2021-03-13',99781.27,NULL,'unpaid',16,'2022-03-04 14:28:44','2022-03-04 14:28:44'),
	(16,'94276','1','2011','2021-07-13',29509.34,NULL,'paid',17,'2022-03-04 14:28:44','2022-03-04 14:28:44'),
	(17,'63327','1','2005','2022-01-09',55953.38,NULL,'paid',18,'2022-03-04 14:28:44','2022-03-04 14:28:44'),
	(18,'67907','8','2010','2021-09-26',72429.96,NULL,'unpaid',19,'2022-03-04 14:28:44','2022-03-04 14:28:44'),
	(19,'45665','5','2001','2021-08-08',98973.80,NULL,'unpaid',20,'2022-03-04 14:28:44','2022-03-04 14:28:44'),
	(20,'39436','10','2022','2021-09-16',64744.95,NULL,'paid',21,'2022-03-04 14:28:44','2022-03-04 14:28:44'),
	(21,'23855','4','2006','2021-04-20',72680.38,NULL,'paid',22,'2022-03-04 14:28:44','2022-03-04 14:28:44'),
	(22,'62827','9','2011','2021-07-15',26596.67,NULL,'unpaid',23,'2022-03-04 14:28:44','2022-03-04 14:28:44'),
	(23,'96098','6','2005','2021-04-04',22215.05,NULL,'paid',24,'2022-03-04 14:28:44','2022-03-04 14:28:44'),
	(24,'81524','9','2016','2021-05-13',97434.04,NULL,'unpaid',25,'2022-03-04 14:28:44','2022-03-04 14:28:44'),
	(25,'92491','6','2005','2021-05-02',61674.05,NULL,'unpaid',26,'2022-03-04 14:28:44','2022-03-04 14:28:44'),
	(26,'80919','7','2021','2022-02-02',26394.23,NULL,'unpaid',27,'2022-03-04 14:28:44','2022-03-04 14:28:44'),
	(27,'15293','3','2009','2021-07-05',22198.98,NULL,'unpaid',28,'2022-03-04 14:28:44','2022-03-04 14:28:44'),
	(28,'65098','11','2022','2021-05-28',55325.79,NULL,'unpaid',29,'2022-03-04 14:28:44','2022-03-04 14:28:44'),
	(29,'29742','8','2000','2021-03-15',74574.72,NULL,'unpaid',30,'2022-03-04 14:28:44','2022-03-04 14:28:44'),
	(30,'57675','5','2016','2022-02-26',19985.39,NULL,'paid',31,'2022-03-04 14:28:44','2022-03-04 14:28:44'),
	(31,'17902','12','2004','2021-07-24',62924.81,NULL,'unpaid',32,'2022-03-04 14:28:44','2022-03-04 14:28:44'),
	(32,'81574','9','2004','2022-01-14',33713.41,NULL,'unpaid',33,'2022-03-04 14:28:44','2022-03-04 14:28:44'),
	(33,'43840','1','2005','2021-12-23',51089.36,NULL,'paid',34,'2022-03-04 14:28:44','2022-03-04 14:28:44'),
	(34,'72626','10','2012','2022-02-25',74918.03,NULL,'unpaid',35,'2022-03-04 14:28:44','2022-03-04 14:28:44'),
	(35,'66448','10','2022','2021-09-18',56538.51,NULL,'paid',36,'2022-03-04 14:28:44','2022-03-04 14:28:44'),
	(36,'34453','2','2022','2021-04-17',28944.31,NULL,'paid',37,'2022-03-04 14:28:44','2022-03-04 14:28:44'),
	(37,'2119','9','2017','2021-03-15',73944.89,NULL,'unpaid',38,'2022-03-04 14:28:44','2022-03-04 14:28:44'),
	(38,'30395','11','2015','2021-10-16',22887.33,NULL,'unpaid',39,'2022-03-04 14:28:44','2022-03-04 14:28:44'),
	(39,'37267','7','2004','2022-01-18',84882.93,NULL,'paid',40,'2022-03-04 14:28:44','2022-03-04 14:28:44'),
	(40,'13990','5','2022','2021-10-19',35145.12,NULL,'unpaid',41,'2022-03-04 14:28:44','2022-03-04 14:28:44'),
	(41,'28799','2','2015','2022-02-22',61807.49,NULL,'unpaid',42,'2022-03-04 14:28:44','2022-03-04 14:28:44'),
	(42,'66513','5','2016','2021-10-15',53227.07,NULL,'paid',43,'2022-03-04 14:28:44','2022-03-04 14:28:44'),
	(43,'37340','4','2022','2021-10-12',21935.23,NULL,'unpaid',44,'2022-03-04 14:28:44','2022-03-04 14:28:44'),
	(44,'63873','4','2019','2021-10-03',29832.53,NULL,'paid',45,'2022-03-04 14:28:44','2022-03-04 14:28:44'),
	(45,'3020','2','2010','2021-11-12',7461.52,NULL,'unpaid',46,'2022-03-04 14:28:44','2022-03-04 14:28:44'),
	(46,'24577','7','2001','2022-02-06',45755.56,NULL,'unpaid',47,'2022-03-04 14:28:44','2022-03-04 14:28:44'),
	(47,'54588','1','2019','2021-04-15',79996.61,NULL,'unpaid',48,'2022-03-04 14:28:44','2022-03-04 14:28:44'),
	(48,'71367','2','2007','2022-02-03',88815.68,NULL,'unpaid',49,'2022-03-04 14:28:44','2022-03-04 14:28:44'),
	(49,'6637','8','2022','2021-10-15',26700.72,NULL,'unpaid',50,'2022-03-04 14:28:44','2022-03-04 14:28:44'),
	(50,'42494','3','2008','2022-01-23',29629.13,NULL,'paid',51,'2022-03-04 14:28:44','2022-03-04 14:28:44'),
	(51,'84089','2','2021','2021-10-15',76225.32,NULL,'unpaid',52,'2022-03-04 14:28:44','2022-03-04 14:28:44'),
	(52,'65553','4','2014','2021-11-04',16968.81,NULL,'unpaid',53,'2022-03-04 14:28:44','2022-03-04 14:28:44'),
	(53,'15051','4','2008','2021-12-23',2215.33,NULL,'paid',54,'2022-03-04 14:28:44','2022-03-04 14:28:44'),
	(54,'45803','12','2010','2021-11-23',36876.08,NULL,'unpaid',55,'2022-03-04 14:28:44','2022-03-04 14:28:44'),
	(55,'73797','3','2022','2021-08-17',67683.20,NULL,'paid',56,'2022-03-04 14:28:44','2022-03-04 14:28:44'),
	(56,'54165','9','2013','2021-12-12',28783.04,NULL,'paid',57,'2022-03-04 14:28:44','2022-03-04 14:28:44'),
	(57,'25654','9','2005','2022-01-03',96109.07,NULL,'paid',58,'2022-03-04 14:28:44','2022-03-04 14:28:44'),
	(58,'65153','4','2017','2021-03-20',88919.66,NULL,'unpaid',59,'2022-03-04 14:28:44','2022-03-04 14:28:44'),
	(59,'49022','1','2001','2021-04-20',60353.10,NULL,'unpaid',60,'2022-03-04 14:28:44','2022-03-04 14:28:44'),
	(60,'6031','1','2021','2021-03-23',49037.29,NULL,'unpaid',61,'2022-03-04 14:28:44','2022-03-04 14:28:44'),
	(61,'25463','11','2005','2022-02-21',24400.17,NULL,'paid',62,'2022-03-04 14:28:44','2022-03-04 14:28:44'),
	(62,'24181','5','2017','2021-10-08',12769.06,NULL,'paid',63,'2022-03-04 14:28:44','2022-03-04 14:28:44'),
	(63,'85869','4','2018','2021-04-03',17566.48,NULL,'paid',64,'2022-03-04 14:28:44','2022-03-04 14:28:44'),
	(64,'94452','9','2015','2021-07-09',3748.01,NULL,'unpaid',65,'2022-03-04 14:28:44','2022-03-04 14:28:44'),
	(65,'23115','7','2022','2021-11-20',78064.45,NULL,'unpaid',66,'2022-03-04 14:28:44','2022-03-04 14:28:44'),
	(66,'2733','3','2016','2022-02-28',14058.79,NULL,'unpaid',67,'2022-03-04 14:28:44','2022-03-04 14:28:44'),
	(67,'91930','7','2021','2021-03-16',71533.27,NULL,'paid',68,'2022-03-04 14:28:44','2022-03-04 14:28:44'),
	(68,'49837','11','2009','2021-10-11',22091.56,NULL,'unpaid',69,'2022-03-04 14:28:44','2022-03-04 14:28:44'),
	(69,'20127','7','2014','2021-03-27',74964.66,NULL,'unpaid',70,'2022-03-04 14:28:44','2022-03-04 14:28:44'),
	(70,'17526','1','2013','2021-04-29',43720.09,NULL,'paid',71,'2022-03-04 14:28:44','2022-03-04 14:28:44'),
	(71,'31917','2','2015','2021-06-10',11724.55,NULL,'paid',72,'2022-03-04 14:28:44','2022-03-04 14:28:44'),
	(72,'58484','9','2021','2021-12-28',44677.20,NULL,'paid',73,'2022-03-04 14:28:44','2022-03-04 14:28:44'),
	(73,'20436','8','2002','2022-01-23',97053.19,NULL,'paid',74,'2022-03-04 14:28:44','2022-03-04 14:28:44'),
	(74,'27179','1','2021','2021-04-21',23858.46,NULL,'unpaid',75,'2022-03-04 14:28:44','2022-03-04 14:28:44'),
	(75,'35273','1','2022','2021-07-06',6966.09,NULL,'paid',76,'2022-03-04 14:28:44','2022-03-04 14:28:44'),
	(76,'5838','5','2018','2021-03-19',41985.78,NULL,'unpaid',77,'2022-03-04 14:28:44','2022-03-04 14:28:44'),
	(77,'26536','7','2011','2021-06-18',42771.50,NULL,'unpaid',78,'2022-03-04 14:28:44','2022-03-04 14:28:44'),
	(78,'71415','5','2006','2021-06-09',50206.17,NULL,'unpaid',79,'2022-03-04 14:28:44','2022-03-04 14:28:44'),
	(79,'94265','1','2010','2021-03-06',70494.44,NULL,'unpaid',80,'2022-03-04 14:28:44','2022-03-04 14:28:44'),
	(80,'88308','4','2009','2021-10-29',89146.42,NULL,'unpaid',81,'2022-03-04 14:28:44','2022-03-04 14:28:44'),
	(81,'879','8','2002','2022-01-02',67560.75,NULL,'unpaid',82,'2022-03-04 14:28:44','2022-03-04 14:28:44'),
	(82,'56002','6','2015','2021-11-21',2270.96,NULL,'paid',83,'2022-03-04 14:28:44','2022-03-04 14:28:44'),
	(83,'70987','9','2001','2021-11-25',59678.94,NULL,'unpaid',84,'2022-03-04 14:28:44','2022-03-04 14:28:44'),
	(84,'88196','2','2000','2021-05-09',61185.71,NULL,'paid',85,'2022-03-04 14:28:44','2022-03-04 14:28:44'),
	(85,'46026','8','2007','2021-09-14',18245.46,NULL,'unpaid',86,'2022-03-04 14:28:44','2022-03-04 14:28:44'),
	(86,'64328','8','2008','2021-11-14',74340.12,NULL,'paid',87,'2022-03-04 14:28:44','2022-03-04 14:28:44'),
	(87,'2802','9','2015','2021-08-01',52982.10,NULL,'paid',88,'2022-03-04 14:28:44','2022-03-04 14:28:44'),
	(88,'93821','5','2007','2021-06-24',93250.81,NULL,'unpaid',89,'2022-03-04 14:28:44','2022-03-04 14:28:44'),
	(89,'83181','6','2003','2021-03-30',78245.57,NULL,'paid',90,'2022-03-04 14:28:44','2022-03-04 14:28:44'),
	(90,'53950','2','2021','2021-10-02',12504.67,NULL,'paid',91,'2022-03-04 14:28:44','2022-03-04 14:28:44'),
	(91,'68141','10','2019','2022-02-17',36988.80,NULL,'paid',92,'2022-03-04 14:28:44','2022-03-04 14:28:44'),
	(92,'59223','7','2015','2021-09-09',21759.42,NULL,'paid',93,'2022-03-04 14:28:44','2022-03-04 14:28:44'),
	(93,'29462','6','2011','2021-04-09',97833.20,NULL,'unpaid',94,'2022-03-04 14:28:44','2022-03-04 14:28:44'),
	(94,'16813','1','2002','2021-03-20',81971.16,NULL,'unpaid',95,'2022-03-04 14:28:44','2022-03-04 14:28:44'),
	(95,'26599','2','2015','2022-01-20',56680.02,NULL,'unpaid',96,'2022-03-04 14:28:44','2022-03-04 14:28:44'),
	(96,'59684','9','2008','2022-02-02',10565.60,NULL,'unpaid',97,'2022-03-04 14:28:44','2022-03-04 14:28:44'),
	(97,'86717','2','2021','2021-10-29',72673.38,NULL,'paid',98,'2022-03-04 14:28:44','2022-03-04 14:28:44'),
	(98,'42131','1','2006','2021-07-21',87136.10,NULL,'unpaid',99,'2022-03-04 14:28:44','2022-03-04 14:28:44'),
	(99,'70226','8','2009','2022-01-08',74849.44,NULL,'unpaid',100,'2022-03-04 14:28:44','2022-03-04 14:28:44'),
	(100,'65467','6','2003','2021-12-30',61170.15,NULL,'unpaid',101,'2022-03-04 14:28:44','2022-03-04 14:28:44'),
	(101,'6235','6','2001','2021-08-24',78511.15,NULL,'unpaid',1,'2022-03-04 14:28:44','2022-03-04 14:28:44'),
	(102,'35095','2','2016','2021-10-26',46014.70,NULL,'unpaid',1,'2022-03-04 14:28:44','2022-03-04 14:28:44'),
	(103,'2393','3','2022','2021-08-25',62745.60,NULL,'paid',1,'2022-03-04 14:28:44','2022-03-04 14:28:44'),
	(104,'47737','10','2018','2021-06-23',21631.41,NULL,'paid',1,'2022-03-04 14:28:44','2022-03-04 14:28:44'),
	(105,'26707','4','2002','2021-04-04',73817.69,NULL,'paid',1,'2022-03-04 14:28:44','2022-03-04 14:28:44'),
	(106,'35898','4','2000','2021-08-13',93128.48,NULL,'unpaid',1,'2022-03-04 14:28:44','2022-03-04 14:28:44'),
	(107,'60628','1','2014','2022-02-20',49.29,NULL,'unpaid',1,'2022-03-04 14:28:44','2022-03-04 14:28:44'),
	(108,'9145','4','2003','2021-11-24',12034.60,NULL,'paid',1,'2022-03-04 14:28:44','2022-03-04 14:28:44'),
	(109,'43191','9','2017','2021-04-28',10746.41,NULL,'paid',1,'2022-03-04 14:28:44','2022-03-04 14:28:44'),
	(110,'67252','6','2012','2021-12-22',41457.65,NULL,'paid',1,'2022-03-04 14:28:44','2022-03-04 14:28:44'),
	(111,'64083','4','2014','2021-07-06',47413.92,NULL,'paid',1,'2022-03-04 14:28:44','2022-03-04 14:28:44'),
	(112,'46976','5','2013','2021-04-17',50575.03,NULL,'unpaid',1,'2022-03-04 14:28:44','2022-03-04 14:28:44'),
	(113,'17939','6','2019','2022-01-25',22214.27,NULL,'unpaid',1,'2022-03-04 14:28:44','2022-03-04 14:28:44'),
	(114,'48422','8','2008','2022-02-01',61124.41,NULL,'unpaid',1,'2022-03-04 14:28:44','2022-03-04 14:28:44'),
	(115,'29798','2','2013','2021-05-14',72079.60,NULL,'unpaid',1,'2022-03-04 14:28:44','2022-03-04 14:28:44'),
	(116,'46222','12','2009','2021-07-24',63237.05,NULL,'paid',1,'2022-03-04 14:28:44','2022-03-04 14:28:44'),
	(117,'86835','8','2015','2021-06-20',81959.62,NULL,'paid',1,'2022-03-04 14:28:44','2022-03-04 14:28:44'),
	(118,'18452','4','2016','2021-09-29',94157.16,NULL,'unpaid',1,'2022-03-04 14:28:44','2022-03-04 14:28:44'),
	(119,'21577','10','2013','2022-03-02',872.59,NULL,'unpaid',1,'2022-03-04 14:28:44','2022-03-04 14:28:44'),
	(120,'34907','5','2011','2021-04-09',38998.00,NULL,'unpaid',1,'2022-03-04 14:28:44','2022-03-04 14:28:44'),
	(121,'77','05','2020','2020-05-01',77.00,NULL,'paid',122,'2022-03-04 14:30:09','2022-03-04 14:30:28');

/*!40000 ALTER TABLE `bills` ENABLE KEYS */;
UNLOCK TABLES;


# Dump of table customers
# ------------------------------------------------------------

DROP TABLE IF EXISTS `customers`;

CREATE TABLE `customers` (
  `id` bigint unsigned NOT NULL AUTO_INCREMENT,
  `name` varchar(255) COLLATE utf8mb4_unicode_ci NOT NULL,
  `email` varchar(255) COLLATE utf8mb4_unicode_ci NOT NULL,
  `password` varchar(255) COLLATE utf8mb4_unicode_ci NOT NULL,
  `address` varchar(255) COLLATE utf8mb4_unicode_ci DEFAULT NULL,
  `remember_token` varchar(100) COLLATE utf8mb4_unicode_ci DEFAULT NULL,
  `created_at` timestamp NULL DEFAULT NULL,
  `updated_at` timestamp NULL DEFAULT NULL,
  PRIMARY KEY (`id`),
  UNIQUE KEY `customers_email_unique` (`email`)
) ENGINE=InnoDB DEFAULT CHARSET=utf8mb4 COLLATE=utf8mb4_unicode_ci;

LOCK TABLES `customers` WRITE;
/*!40000 ALTER TABLE `customers` DISABLE KEYS */;

INSERT INTO `customers` (`id`, `name`, `email`, `password`, `address`, `remember_token`, `created_at`, `updated_at`)
VALUES
	(1,'Mr. Customer','customer@example.com','$2y$10$92IXUNpkjO0rOQ5byMi.Ye4oKoEa3Ro9llC/.og/at2.uheWG/igi','38791 Okey Road Suite 389\nJohnsonmouth, WV 33587','S6UreObKax','2022-03-04 14:28:44','2022-03-04 14:28:44'),
	(3,'Freda Bahringer','keebler.bailey@example.org','$2y$10$92IXUNpkjO0rOQ5byMi.Ye4oKoEa3Ro9llC/.og/at2.uheWG/igi','5589 Ellie Island Suite 266\nPort Lue, IL 42777','Q7sBlqN2ml','2022-03-04 14:28:44','2022-03-04 14:28:44'),
	(4,'Morris Skiles','mbeahan@example.com','$2y$10$92IXUNpkjO0rOQ5byMi.Ye4oKoEa3Ro9llC/.og/at2.uheWG/igi','8739 Zemlak Cape Apt. 091\nWest Seamusberg, OH 64401-4890','yV8qcuucno','2022-03-04 14:28:44','2022-03-04 14:28:44'),
	(5,'Dr. Elvera Koch Jr.','johanna.greenholt@example.org','$2y$10$92IXUNpkjO0rOQ5byMi.Ye4oKoEa3Ro9llC/.og/at2.uheWG/igi','62101 Runolfsdottir Street\nFunkborough, SC 87693','plF3kCuhEx','2022-03-04 14:28:44','2022-03-04 14:28:44'),
	(6,'Miss Lyla Tillman','kamren24@example.net','$2y$10$92IXUNpkjO0rOQ5byMi.Ye4oKoEa3Ro9llC/.og/at2.uheWG/igi','179 Effertz Parkway\nRayside, MI 08786-4023','t70oY1D6fs','2022-03-04 14:28:44','2022-03-04 14:28:44'),
	(7,'Prof. Phoebe DuBuque','eliza39@example.org','$2y$10$92IXUNpkjO0rOQ5byMi.Ye4oKoEa3Ro9llC/.og/at2.uheWG/igi','6347 Satterfield Motorway Suite 616\nPort Creolahaven, VA 43101-9480','n0bApUV8wm','2022-03-04 14:28:44','2022-03-04 14:28:44'),
	(8,'Magnolia Schmeler','rabshire@example.org','$2y$10$92IXUNpkjO0rOQ5byMi.Ye4oKoEa3Ro9llC/.og/at2.uheWG/igi','7300 Kunde Vista Apt. 882\nOrtizburgh, TX 09139','rHgePQLdpy','2022-03-04 14:28:44','2022-03-04 14:28:44'),
	(9,'Prof. Arne Ledner','madonna.treutel@example.com','$2y$10$92IXUNpkjO0rOQ5byMi.Ye4oKoEa3Ro9llC/.og/at2.uheWG/igi','974 Halvorson Village Apt. 698\nJuliuston, FL 50435-0373','XlVonkqJkh','2022-03-04 14:28:44','2022-03-04 14:28:44'),
	(10,'Tierra Klein I','adam.legros@example.org','$2y$10$92IXUNpkjO0rOQ5byMi.Ye4oKoEa3Ro9llC/.og/at2.uheWG/igi','578 Brown Plaza\nEast Burnicefort, RI 77270-6176','OcqwPp0Ko9','2022-03-04 14:28:44','2022-03-04 14:28:44'),
	(11,'Darrion Boyer','vvon@example.org','$2y$10$92IXUNpkjO0rOQ5byMi.Ye4oKoEa3Ro9llC/.og/at2.uheWG/igi','7670 Carroll Land Apt. 219\nNorth Freeda, FL 09839-0517','8N5LTSDhXE','2022-03-04 14:28:44','2022-03-04 14:28:44'),
	(12,'Wilma Turner','vmitchell@example.net','$2y$10$92IXUNpkjO0rOQ5byMi.Ye4oKoEa3Ro9llC/.og/at2.uheWG/igi','584 Nils Rapid\nBernierborough, ND 61930','4C50hMLbNE','2022-03-04 14:28:44','2022-03-04 14:28:44'),
	(13,'Dr. Myrtle Sauer','imogene20@example.com','$2y$10$92IXUNpkjO0rOQ5byMi.Ye4oKoEa3Ro9llC/.og/at2.uheWG/igi','81137 McDermott Lights Apt. 711\nKeatonfort, MD 53568-5138','QZY6VJY76S','2022-03-04 14:28:44','2022-03-04 14:28:44'),
	(14,'Camila Kertzmann','goyette.magali@example.com','$2y$10$92IXUNpkjO0rOQ5byMi.Ye4oKoEa3Ro9llC/.og/at2.uheWG/igi','27661 Balistreri Hollow\nLuciousport, IL 33723','JN74AMno9p','2022-03-04 14:28:44','2022-03-04 14:28:44'),
	(15,'Mr. Braden Schmitt IV','chaya95@example.net','$2y$10$92IXUNpkjO0rOQ5byMi.Ye4oKoEa3Ro9llC/.og/at2.uheWG/igi','204 Beier Isle\nHesselberg, MI 83589-3178','84qsYlgmwd','2022-03-04 14:28:44','2022-03-04 14:28:44'),
	(16,'Mrs. Liza Larkin IV','konopelski.mathias@example.net','$2y$10$92IXUNpkjO0rOQ5byMi.Ye4oKoEa3Ro9llC/.og/at2.uheWG/igi','7839 Haylee Greens\nEast Edwardochester, DE 25954-9672','y7nBrkQhjv','2022-03-04 14:28:44','2022-03-04 14:28:44'),
	(17,'Gunnar Dickens','daniella90@example.org','$2y$10$92IXUNpkjO0rOQ5byMi.Ye4oKoEa3Ro9llC/.og/at2.uheWG/igi','68429 Wilfredo Court Suite 690\nEast Hoytton, WY 91982-0793','9GxXqf5ecN','2022-03-04 14:28:44','2022-03-04 14:28:44'),
	(18,'Joseph Durgan','kihn.herman@example.net','$2y$10$92IXUNpkjO0rOQ5byMi.Ye4oKoEa3Ro9llC/.og/at2.uheWG/igi','889 Norma Lodge\nReymundoside, MI 13626-8947','e6DJCZBVc6','2022-03-04 14:28:44','2022-03-04 14:28:44'),
	(19,'Ms. Kristin Glover V','darrick.runte@example.net','$2y$10$92IXUNpkjO0rOQ5byMi.Ye4oKoEa3Ro9llC/.og/at2.uheWG/igi','1934 Maxie Track Suite 832\nSouth Kelvin, CT 40585-6069','tdicMCTt6Y','2022-03-04 14:28:44','2022-03-04 14:28:44'),
	(20,'Javier Russel','hparker@example.com','$2y$10$92IXUNpkjO0rOQ5byMi.Ye4oKoEa3Ro9llC/.og/at2.uheWG/igi','7397 Bogan Center\nPort Rosannafurt, LA 72945-6797','Dv1atmcaGT','2022-03-04 14:28:44','2022-03-04 14:28:44'),
	(21,'Aleen Swift','schaefer.keshaun@example.org','$2y$10$92IXUNpkjO0rOQ5byMi.Ye4oKoEa3Ro9llC/.og/at2.uheWG/igi','290 Monserrate Parkways Apt. 357\nChristiansenberg, NJ 59793-7290','ZY91LA8TZd','2022-03-04 14:28:44','2022-03-04 14:28:44'),
	(22,'Iliana Rogahn V','hbergstrom@example.net','$2y$10$92IXUNpkjO0rOQ5byMi.Ye4oKoEa3Ro9llC/.og/at2.uheWG/igi','8716 Marjory Fort Suite 729\nSouth Murphy, UT 73806','dAP9kPm2gF','2022-03-04 14:28:44','2022-03-04 14:28:44'),
	(23,'Andreanne Wilkinson','hmitchell@example.net','$2y$10$92IXUNpkjO0rOQ5byMi.Ye4oKoEa3Ro9llC/.og/at2.uheWG/igi','891 Terence Spring Apt. 519\nEast Kyleighborough, WI 61029-5301','X7fsIYfVHZ','2022-03-04 14:28:44','2022-03-04 14:28:44'),
	(24,'Kaelyn Kunze MD','weber.melba@example.com','$2y$10$92IXUNpkjO0rOQ5byMi.Ye4oKoEa3Ro9llC/.og/at2.uheWG/igi','167 Bayer Key Suite 855\nPort Johannstad, ID 53029-4718','sDXR3YHyVv','2022-03-04 14:28:44','2022-03-04 14:28:44'),
	(25,'Eveline Langosh','osinski.percival@example.com','$2y$10$92IXUNpkjO0rOQ5byMi.Ye4oKoEa3Ro9llC/.og/at2.uheWG/igi','3227 Graham Via Apt. 102\nClaudmouth, NE 12884-9364','WCoxGv4HG7','2022-03-04 14:28:44','2022-03-04 14:28:44'),
	(26,'Brandyn Boehm Sr.','ilakin@example.org','$2y$10$92IXUNpkjO0rOQ5byMi.Ye4oKoEa3Ro9llC/.og/at2.uheWG/igi','58289 Sarah Lock Apt. 482\nLolabury, RI 92677-5691','X4MsIUNZMI','2022-03-04 14:28:44','2022-03-04 14:28:44'),
	(27,'Arvilla Gulgowski','ikozey@example.org','$2y$10$92IXUNpkjO0rOQ5byMi.Ye4oKoEa3Ro9llC/.og/at2.uheWG/igi','66576 Price Shores\nPort Lizaville, VA 27877','wZnBu0SqgY','2022-03-04 14:28:44','2022-03-04 14:28:44'),
	(28,'Gussie Cassin','dorcas07@example.com','$2y$10$92IXUNpkjO0rOQ5byMi.Ye4oKoEa3Ro9llC/.og/at2.uheWG/igi','644 Kertzmann Lock\nNienowmouth, NJ 69062','6PE9DqfOhh','2022-03-04 14:28:44','2022-03-04 14:28:44'),
	(29,'Aliza Ratke','allan.christiansen@example.com','$2y$10$92IXUNpkjO0rOQ5byMi.Ye4oKoEa3Ro9llC/.og/at2.uheWG/igi','293 Weimann Harbors\nNorth Verliehaven, MI 50394','Cdn8RnpVAl','2022-03-04 14:28:44','2022-03-04 14:28:44'),
	(30,'Ardith Cormier','hyman90@example.net','$2y$10$92IXUNpkjO0rOQ5byMi.Ye4oKoEa3Ro9llC/.og/at2.uheWG/igi','1344 Rosetta Causeway Apt. 302\nVonfurt, CT 01311-6108','iM7wUp4JEO','2022-03-04 14:28:44','2022-03-04 14:28:44'),
	(31,'Prof. Hoyt Mosciski II','dietrich.taylor@example.com','$2y$10$92IXUNpkjO0rOQ5byMi.Ye4oKoEa3Ro9llC/.og/at2.uheWG/igi','6812 Garfield Mall Suite 212\nWest Unaborough, NV 87795','opF1GuOHv2','2022-03-04 14:28:44','2022-03-04 14:28:44'),
	(32,'Ms. Berniece Upton PhD','fnader@example.org','$2y$10$92IXUNpkjO0rOQ5byMi.Ye4oKoEa3Ro9llC/.og/at2.uheWG/igi','72935 Art Burg Apt. 954\nWiegandside, VA 48661','opXGS89QG5','2022-03-04 14:28:44','2022-03-04 14:28:44'),
	(33,'Prof. Clementine Kertzmann DDS','jasmin68@example.net','$2y$10$92IXUNpkjO0rOQ5byMi.Ye4oKoEa3Ro9llC/.og/at2.uheWG/igi','6024 Kirlin Junction\nJacobimouth, NV 49591','wqm8lv1pmj','2022-03-04 14:28:44','2022-03-04 14:28:44'),
	(34,'Francesco O\'Connell','king93@example.com','$2y$10$92IXUNpkjO0rOQ5byMi.Ye4oKoEa3Ro9llC/.og/at2.uheWG/igi','7909 Vena Rapids\nEast Mayatown, VT 32293-0650','ZLsEGeXw5R','2022-03-04 14:28:44','2022-03-04 14:28:44'),
	(35,'Morgan Mueller','yluettgen@example.net','$2y$10$92IXUNpkjO0rOQ5byMi.Ye4oKoEa3Ro9llC/.og/at2.uheWG/igi','8531 Abbey Parkway Apt. 029\nLittelburgh, GA 27322-8636','uKDhFPF7dZ','2022-03-04 14:28:44','2022-03-04 14:28:44'),
	(36,'Veda Waters','wframi@example.org','$2y$10$92IXUNpkjO0rOQ5byMi.Ye4oKoEa3Ro9llC/.og/at2.uheWG/igi','159 Stark Plains\nPort Joelleport, MD 73266','ka6MJjAr3S','2022-03-04 14:28:44','2022-03-04 14:28:44'),
	(37,'Glennie Bernier','herman65@example.com','$2y$10$92IXUNpkjO0rOQ5byMi.Ye4oKoEa3Ro9llC/.og/at2.uheWG/igi','479 Corrine Spur\nBaileybury, WY 48775-5843','wXLKHfbsXb','2022-03-04 14:28:44','2022-03-04 14:28:44'),
	(38,'Dr. Chad Beatty','lee37@example.com','$2y$10$92IXUNpkjO0rOQ5byMi.Ye4oKoEa3Ro9llC/.og/at2.uheWG/igi','288 Kris Pine Apt. 327\nEast Ebba, WV 25515-7020','WceHSALmym','2022-03-04 14:28:44','2022-03-04 14:28:44'),
	(39,'Soledad Bode','cormier.therese@example.net','$2y$10$92IXUNpkjO0rOQ5byMi.Ye4oKoEa3Ro9llC/.og/at2.uheWG/igi','4906 Daniela Islands Suite 160\nDachmouth, TN 69515','GKQrwGHMdo','2022-03-04 14:28:44','2022-03-04 14:28:44'),
	(40,'Bettye Kiehn','cicero.kovacek@example.com','$2y$10$92IXUNpkjO0rOQ5byMi.Ye4oKoEa3Ro9llC/.og/at2.uheWG/igi','508 Marilou Lake\nPort Adrienstad, AZ 93399-5176','Unr7SMLORX','2022-03-04 14:28:44','2022-03-04 14:28:44'),
	(41,'Miss Tracy Keebler','vdooley@example.net','$2y$10$92IXUNpkjO0rOQ5byMi.Ye4oKoEa3Ro9llC/.og/at2.uheWG/igi','2803 Romaguera Rapids Apt. 509\nDachmouth, OR 51151','07HewDyQmT','2022-03-04 14:28:44','2022-03-04 14:28:44'),
	(42,'Camilla McDermott','chayes@example.org','$2y$10$92IXUNpkjO0rOQ5byMi.Ye4oKoEa3Ro9llC/.og/at2.uheWG/igi','8023 Hermann Terrace\nJammieland, FL 20567-7814','YwtsYgDkpW','2022-03-04 14:28:44','2022-03-04 14:28:44'),
	(43,'Kole Runolfsson','mills.rocky@example.com','$2y$10$92IXUNpkjO0rOQ5byMi.Ye4oKoEa3Ro9llC/.og/at2.uheWG/igi','47782 Parker Key\nSouth Rodrickburgh, KS 05290-3347','bPnfZsMf1E','2022-03-04 14:28:44','2022-03-04 14:28:44'),
	(44,'Marielle Wunsch','lbins@example.net','$2y$10$92IXUNpkjO0rOQ5byMi.Ye4oKoEa3Ro9llC/.og/at2.uheWG/igi','9318 Noe Squares\nEast Alveraburgh, AZ 79803','wpJUd6YKhG','2022-03-04 14:28:44','2022-03-04 14:28:44'),
	(45,'Paul Corkery','abigayle82@example.com','$2y$10$92IXUNpkjO0rOQ5byMi.Ye4oKoEa3Ro9llC/.og/at2.uheWG/igi','5974 Frida Pike\nWest Gilesburgh, CT 70767','78zzVwlPog','2022-03-04 14:28:44','2022-03-04 14:28:44'),
	(46,'Cristopher Goodwin DVM','qcarroll@example.org','$2y$10$92IXUNpkjO0rOQ5byMi.Ye4oKoEa3Ro9llC/.og/at2.uheWG/igi','33986 Jamal Mountains Apt. 913\nCadenfort, WY 43824','mowwMM3GBn','2022-03-04 14:28:44','2022-03-04 14:28:44'),
	(47,'Marcos Beer','hortense38@example.net','$2y$10$92IXUNpkjO0rOQ5byMi.Ye4oKoEa3Ro9llC/.og/at2.uheWG/igi','8782 Xander Junctions Apt. 284\nNew Gracielabury, MI 75431-7077','8mozmR8vG2','2022-03-04 14:28:44','2022-03-04 14:28:44'),
	(48,'Mervin Bahringer Sr.','percival05@example.org','$2y$10$92IXUNpkjO0rOQ5byMi.Ye4oKoEa3Ro9llC/.og/at2.uheWG/igi','635 Gage Fort Apt. 234\nDaughertymouth, FL 96783-5900','VpZD4mlhyk','2022-03-04 14:28:44','2022-03-04 14:28:44'),
	(49,'Dr. Hank Jast','norris72@example.org','$2y$10$92IXUNpkjO0rOQ5byMi.Ye4oKoEa3Ro9llC/.og/at2.uheWG/igi','4919 Amparo Summit\nPort Elvastad, MO 09775-0030','OUDrQM8A83','2022-03-04 14:28:44','2022-03-04 14:28:44'),
	(50,'Randal Ortiz','hattie74@example.org','$2y$10$92IXUNpkjO0rOQ5byMi.Ye4oKoEa3Ro9llC/.og/at2.uheWG/igi','60184 Wisoky Road Apt. 787\nEast Elena, NH 65266','SPcvY65MUx','2022-03-04 14:28:44','2022-03-04 14:28:44'),
	(51,'Ms. Michele Spencer','cordia.white@example.net','$2y$10$92IXUNpkjO0rOQ5byMi.Ye4oKoEa3Ro9llC/.og/at2.uheWG/igi','1715 Mueller Neck Apt. 527\nPort Garfield, IA 39897','CXYvqftvFO','2022-03-04 14:28:44','2022-03-04 14:28:44'),
	(52,'Mr. Derek Jerde','ygrant@example.com','$2y$10$92IXUNpkjO0rOQ5byMi.Ye4oKoEa3Ro9llC/.og/at2.uheWG/igi','345 Terry Ways Suite 888\nEast Viola, AR 60745-7866','F8WQfMwHNe','2022-03-04 14:28:44','2022-03-04 14:28:44'),
	(53,'Miss Vivian Cartwright DVM','lcorwin@example.com','$2y$10$92IXUNpkjO0rOQ5byMi.Ye4oKoEa3Ro9llC/.og/at2.uheWG/igi','777 O\'Reilly Flats Suite 429\nWeissnatland, MS 17071-9433','W4EIMjRlbc','2022-03-04 14:28:44','2022-03-04 14:28:44'),
	(54,'Antonia Schroeder','dora98@example.org','$2y$10$92IXUNpkjO0rOQ5byMi.Ye4oKoEa3Ro9llC/.og/at2.uheWG/igi','696 Jewell Square Suite 649\nJacobsonmouth, NY 39570-7190','HPcvgCA8l5','2022-03-04 14:28:44','2022-03-04 14:28:44'),
	(55,'Dr. Golda Stehr IV','nwisozk@example.org','$2y$10$92IXUNpkjO0rOQ5byMi.Ye4oKoEa3Ro9llC/.og/at2.uheWG/igi','3248 Dagmar Tunnel Apt. 395\nFeestmouth, NY 18409-7394','G0rUsz50pM','2022-03-04 14:28:44','2022-03-04 14:28:44'),
	(56,'Mr. Jamey Douglas','cyrus.gutmann@example.org','$2y$10$92IXUNpkjO0rOQ5byMi.Ye4oKoEa3Ro9llC/.og/at2.uheWG/igi','55383 Stokes Avenue\nFramiview, IN 26494','SSZ8Sus5zv','2022-03-04 14:28:44','2022-03-04 14:28:44'),
	(57,'Mr. Patrick Torphy III','sonny.ernser@example.org','$2y$10$92IXUNpkjO0rOQ5byMi.Ye4oKoEa3Ro9llC/.og/at2.uheWG/igi','4327 Franco Crossroad\nWest Rylanhaven, MO 91041','ybSj0KwdA3','2022-03-04 14:28:44','2022-03-04 14:28:44'),
	(58,'Dr. Demario Koepp PhD','kswaniawski@example.com','$2y$10$92IXUNpkjO0rOQ5byMi.Ye4oKoEa3Ro9llC/.og/at2.uheWG/igi','635 Gerlach Locks Suite 494\nBrisamouth, MN 54335','kqKStqCdTV','2022-03-04 14:28:44','2022-03-04 14:28:44'),
	(59,'Ona Will Jr.','charlotte.halvorson@example.org','$2y$10$92IXUNpkjO0rOQ5byMi.Ye4oKoEa3Ro9llC/.og/at2.uheWG/igi','376 Lesch Place\nRosenbaumbury, OK 54503-9978','hjWmFfv6R0','2022-03-04 14:28:44','2022-03-04 14:28:44'),
	(60,'Jettie Lindgren','buckridge.rebeca@example.org','$2y$10$92IXUNpkjO0rOQ5byMi.Ye4oKoEa3Ro9llC/.og/at2.uheWG/igi','67482 Becker Meadows Apt. 831\nFritschville, DC 62324-4300','DNN9jLe6jz','2022-03-04 14:28:44','2022-03-04 14:28:44'),
	(61,'Kathleen Rogahn PhD','helen78@example.com','$2y$10$92IXUNpkjO0rOQ5byMi.Ye4oKoEa3Ro9llC/.og/at2.uheWG/igi','61130 Senger Lake Suite 276\nRoyalton, MO 18543','Cx4Ivxpgnu','2022-03-04 14:28:44','2022-03-04 14:28:44'),
	(62,'Dillon Greenfelder','fredy.collins@example.com','$2y$10$92IXUNpkjO0rOQ5byMi.Ye4oKoEa3Ro9llC/.og/at2.uheWG/igi','62153 Piper Harbor\nNolanborough, OR 57784-1126','h4ZvaVeoxP','2022-03-04 14:28:44','2022-03-04 14:28:44'),
	(63,'Soledad Mills DDS','bahringer.krista@example.org','$2y$10$92IXUNpkjO0rOQ5byMi.Ye4oKoEa3Ro9llC/.og/at2.uheWG/igi','27491 Ressie Common Suite 199\nConnfort, WI 06980','b4lt0wHEwz','2022-03-04 14:28:44','2022-03-04 14:28:44'),
	(64,'Prof. Mauricio McCullough IV','zulauf.dayton@example.org','$2y$10$92IXUNpkjO0rOQ5byMi.Ye4oKoEa3Ro9llC/.og/at2.uheWG/igi','74007 Okuneva Junction\nGeorgettetown, NJ 29095-8992','qWaFEybHKb','2022-03-04 14:28:44','2022-03-04 14:28:44'),
	(65,'Lavern Shields','kub.daren@example.org','$2y$10$92IXUNpkjO0rOQ5byMi.Ye4oKoEa3Ro9llC/.og/at2.uheWG/igi','932 Reginald Causeway\nWebermouth, NH 06267','SPFDeP2HCj','2022-03-04 14:28:44','2022-03-04 14:28:44'),
	(66,'Dr. Marian Brown','wleuschke@example.net','$2y$10$92IXUNpkjO0rOQ5byMi.Ye4oKoEa3Ro9llC/.og/at2.uheWG/igi','34307 Hartmann Parkways\nNorth Ofeliaville, HI 92318-4657','iAKnvjB2aY','2022-03-04 14:28:44','2022-03-04 14:28:44'),
	(67,'Mrs. Elsie Gulgowski Jr.','ecrist@example.org','$2y$10$92IXUNpkjO0rOQ5byMi.Ye4oKoEa3Ro9llC/.og/at2.uheWG/igi','52349 Wiegand Falls Apt. 326\nHaucktown, UT 54323-8065','rzkqcEkmEn','2022-03-04 14:28:44','2022-03-04 14:28:44'),
	(68,'Rosalia Bruen','hermann.elwyn@example.net','$2y$10$92IXUNpkjO0rOQ5byMi.Ye4oKoEa3Ro9llC/.og/at2.uheWG/igi','98876 Emie Hills\nKristastad, NY 28594-5708','PyVw5F2M1x','2022-03-04 14:28:44','2022-03-04 14:28:44'),
	(69,'Sabina Gaylord','von.jaycee@example.com','$2y$10$92IXUNpkjO0rOQ5byMi.Ye4oKoEa3Ro9llC/.og/at2.uheWG/igi','7227 Abbott Estate\nThaliaborough, OR 16265-6017','SmmqFhxYGh','2022-03-04 14:28:44','2022-03-04 14:28:44'),
	(70,'Prof. Suzanne Bauch V','dare.joelle@example.net','$2y$10$92IXUNpkjO0rOQ5byMi.Ye4oKoEa3Ro9llC/.og/at2.uheWG/igi','750 Hand Stravenue Suite 336\nDorotheashire, AK 08096-3639','dRtggm0ii9','2022-03-04 14:28:44','2022-03-04 14:28:44'),
	(71,'Clyde Collier','waters.amely@example.net','$2y$10$92IXUNpkjO0rOQ5byMi.Ye4oKoEa3Ro9llC/.og/at2.uheWG/igi','29564 Giovanni Rapid Suite 857\nPort Beulahville, OH 58463','nUj47SscuS','2022-03-04 14:28:44','2022-03-04 14:28:44'),
	(72,'Ahmed Ferry','deven60@example.net','$2y$10$92IXUNpkjO0rOQ5byMi.Ye4oKoEa3Ro9llC/.og/at2.uheWG/igi','961 McClure Extension Suite 664\nBartellborough, GA 19064','InXcj1eMjk','2022-03-04 14:28:44','2022-03-04 14:28:44'),
	(73,'Mason Ward','jeramie51@example.com','$2y$10$92IXUNpkjO0rOQ5byMi.Ye4oKoEa3Ro9llC/.og/at2.uheWG/igi','713 Janessa Rapid\nNienowhaven, WA 56021-1328','Cvp8J75BKS','2022-03-04 14:28:44','2022-03-04 14:28:44'),
	(74,'Ari Schumm','monty.gusikowski@example.net','$2y$10$92IXUNpkjO0rOQ5byMi.Ye4oKoEa3Ro9llC/.og/at2.uheWG/igi','14262 Langworth Lock\nDemarioshire, RI 74292','ui4OESsxiY','2022-03-04 14:28:44','2022-03-04 14:28:44'),
	(75,'Orval Altenwerth','dante31@example.org','$2y$10$92IXUNpkjO0rOQ5byMi.Ye4oKoEa3Ro9llC/.og/at2.uheWG/igi','879 Estella Estate Apt. 910\nWest Troy, MN 55003','T2pvGjZjHy','2022-03-04 14:28:44','2022-03-04 14:28:44'),
	(76,'Janick Dietrich','bledner@example.org','$2y$10$92IXUNpkjO0rOQ5byMi.Ye4oKoEa3Ro9llC/.og/at2.uheWG/igi','125 Giovanna Spur\nAlfredaberg, CA 06696-7852','05TAhysjCT','2022-03-04 14:28:44','2022-03-04 14:28:44'),
	(77,'Cayla Olson','smith.kristin@example.net','$2y$10$92IXUNpkjO0rOQ5byMi.Ye4oKoEa3Ro9llC/.og/at2.uheWG/igi','43462 Corwin Dam Suite 115\nLucymouth, NY 78147','yviqrSQMME','2022-03-04 14:28:44','2022-03-04 14:28:44'),
	(78,'Kasey Ledner Sr.','ccollier@example.net','$2y$10$92IXUNpkjO0rOQ5byMi.Ye4oKoEa3Ro9llC/.og/at2.uheWG/igi','7750 Saige Pike\nLake Skye, KY 19450-1961','Cq0wVuzwrc','2022-03-04 14:28:44','2022-03-04 14:28:44'),
	(79,'Lucas Mueller','hilpert.barry@example.org','$2y$10$92IXUNpkjO0rOQ5byMi.Ye4oKoEa3Ro9llC/.og/at2.uheWG/igi','1627 Mable Wells\nPort Guadalupehaven, IL 75965','Xddc4teBEx','2022-03-04 14:28:44','2022-03-04 14:28:44'),
	(80,'Ashleigh Kulas','pearlie.olson@example.org','$2y$10$92IXUNpkjO0rOQ5byMi.Ye4oKoEa3Ro9llC/.og/at2.uheWG/igi','3177 Lind Parkways Suite 123\nSouth Thaddeushaven, NM 09080-0874','Vi8dbCQ2pq','2022-03-04 14:28:44','2022-03-04 14:28:44'),
	(81,'Prof. Kimberly Maggio','klein.lucie@example.org','$2y$10$92IXUNpkjO0rOQ5byMi.Ye4oKoEa3Ro9llC/.og/at2.uheWG/igi','8607 Lindsay Locks\nWest Easter, AR 04371','BWy3XQW7Qy','2022-03-04 14:28:44','2022-03-04 14:28:44'),
	(82,'Marjolaine O\'Hara','spinka.vanessa@example.org','$2y$10$92IXUNpkjO0rOQ5byMi.Ye4oKoEa3Ro9llC/.og/at2.uheWG/igi','68969 Sipes Isle Suite 921\nSouth Lucieville, IA 34521-6185','vhev14nvxo','2022-03-04 14:28:44','2022-03-04 14:28:44'),
	(83,'Shea Fisher','clovis.parker@example.com','$2y$10$92IXUNpkjO0rOQ5byMi.Ye4oKoEa3Ro9llC/.og/at2.uheWG/igi','743 Domingo Union\nLake Mohammed, IA 78535-1645','UFdQHzSh2p','2022-03-04 14:28:44','2022-03-04 14:28:44'),
	(84,'Alfonzo Walter','whagenes@example.org','$2y$10$92IXUNpkjO0rOQ5byMi.Ye4oKoEa3Ro9llC/.og/at2.uheWG/igi','603 Huel Dale\nZitaburgh, MA 54035','opVc1eTMnv','2022-03-04 14:28:44','2022-03-04 14:28:44'),
	(85,'Danyka Kris','ulices.greenfelder@example.org','$2y$10$92IXUNpkjO0rOQ5byMi.Ye4oKoEa3Ro9llC/.og/at2.uheWG/igi','125 Roman Rapids\nNew Norbertside, NY 07786-8822','IEwWKJq5t8','2022-03-04 14:28:44','2022-03-04 14:28:44'),
	(86,'Victor Feest','mraz.ruby@example.net','$2y$10$92IXUNpkjO0rOQ5byMi.Ye4oKoEa3Ro9llC/.og/at2.uheWG/igi','9486 Breitenberg Isle\nStanleyside, OR 00029','LB3H8QohHU','2022-03-04 14:28:44','2022-03-04 14:28:44'),
	(87,'Asa Schaden','jennifer33@example.com','$2y$10$92IXUNpkjO0rOQ5byMi.Ye4oKoEa3Ro9llC/.og/at2.uheWG/igi','4996 Mabelle Flat\nNorth Rebekachester, NC 79164-7616','cEsarmWtXn','2022-03-04 14:28:44','2022-03-04 14:28:44'),
	(88,'Raquel Price','dfay@example.com','$2y$10$92IXUNpkjO0rOQ5byMi.Ye4oKoEa3Ro9llC/.og/at2.uheWG/igi','8527 Howell Mount Suite 748\nPort Jannieside, DE 17239','e4bYnRlpxm','2022-03-04 14:28:44','2022-03-04 14:28:44'),
	(89,'Rebekah Littel','runolfsdottir.libbie@example.net','$2y$10$92IXUNpkjO0rOQ5byMi.Ye4oKoEa3Ro9llC/.og/at2.uheWG/igi','888 Medhurst Skyway\nKalliechester, NM 00979-2048','cM3Fhti0tI','2022-03-04 14:28:44','2022-03-04 14:28:44'),
	(90,'Brandy Kozey','herman.anastacio@example.net','$2y$10$92IXUNpkjO0rOQ5byMi.Ye4oKoEa3Ro9llC/.og/at2.uheWG/igi','489 Mervin Isle\nNorth Noeborough, DE 91910-0792','HQyqz1zMdx','2022-03-04 14:28:44','2022-03-04 14:28:44'),
	(91,'Vince Wintheiser','callie.considine@example.net','$2y$10$92IXUNpkjO0rOQ5byMi.Ye4oKoEa3Ro9llC/.og/at2.uheWG/igi','553 Mann Station\nSheridanfurt, KS 55552','AuB08OKfN7','2022-03-04 14:28:44','2022-03-04 14:28:44'),
	(92,'Taya Prohaska','narciso.rippin@example.net','$2y$10$92IXUNpkjO0rOQ5byMi.Ye4oKoEa3Ro9llC/.og/at2.uheWG/igi','10567 Makenna Lock\nNew Chadrick, NE 14013','Wt5J0LGss4','2022-03-04 14:28:44','2022-03-04 14:28:44'),
	(93,'Major Hodkiewicz','ktremblay@example.net','$2y$10$92IXUNpkjO0rOQ5byMi.Ye4oKoEa3Ro9llC/.og/at2.uheWG/igi','70085 Cheyenne Station Suite 810\nPort Miguelmouth, MO 24621-6855','GmggioAxVQ','2022-03-04 14:28:44','2022-03-04 14:28:44'),
	(94,'Prof. Zackery Johnson','delta46@example.com','$2y$10$92IXUNpkjO0rOQ5byMi.Ye4oKoEa3Ro9llC/.og/at2.uheWG/igi','5525 Alexis Junctions Apt. 819\nAidaville, KS 64967','aj4ZTTspQ3','2022-03-04 14:28:44','2022-03-04 14:28:44'),
	(95,'Mr. Mathias Bernier','eric.gutkowski@example.org','$2y$10$92IXUNpkjO0rOQ5byMi.Ye4oKoEa3Ro9llC/.og/at2.uheWG/igi','4771 Elna Plains\nDaretown, NJ 16119-0596','TLotcnO9zo','2022-03-04 14:28:44','2022-03-04 14:28:44'),
	(96,'Ole Goyette','retta.walsh@example.com','$2y$10$92IXUNpkjO0rOQ5byMi.Ye4oKoEa3Ro9llC/.og/at2.uheWG/igi','16443 Zula Inlet Apt. 710\nPort Aricville, NV 93200-3307','sUoOiR4dIb','2022-03-04 14:28:44','2022-03-04 14:28:44'),
	(97,'Dr. Berniece Lueilwitz','ulices.auer@example.net','$2y$10$92IXUNpkjO0rOQ5byMi.Ye4oKoEa3Ro9llC/.og/at2.uheWG/igi','422 Crooks Burg Suite 508\nPort Eloisa, KY 23380-4795','Eua8FbTo7Z','2022-03-04 14:28:44','2022-03-04 14:28:44'),
	(98,'Henry Hahn','ggerhold@example.org','$2y$10$92IXUNpkjO0rOQ5byMi.Ye4oKoEa3Ro9llC/.og/at2.uheWG/igi','798 Bogan Track\nJavonton, GA 72914','STcOb7Q3Pf','2022-03-04 14:28:44','2022-03-04 14:28:44'),
	(99,'Mr. Damian Stokes','dorris.corkery@example.com','$2y$10$92IXUNpkjO0rOQ5byMi.Ye4oKoEa3Ro9llC/.og/at2.uheWG/igi','413 Klocko Cliffs\nEast Christineland, WV 67806-4357','kunBw1Pwpn','2022-03-04 14:28:44','2022-03-04 14:28:44'),
	(100,'Miss Alycia Gottlieb DVM','ziemann.tyree@example.org','$2y$10$92IXUNpkjO0rOQ5byMi.Ye4oKoEa3Ro9llC/.og/at2.uheWG/igi','35819 Raynor Mountains\nWest Shannybury, DE 32245-2309','1y7AHucZ13','2022-03-04 14:28:44','2022-03-04 14:28:44'),
	(101,'Jairo Pouros','khuels@example.net','$2y$10$92IXUNpkjO0rOQ5byMi.Ye4oKoEa3Ro9llC/.og/at2.uheWG/igi','601 Wiegand Mission\nParisfort, AR 47992','aqEnLvVEPk','2022-03-04 14:28:44','2022-03-04 14:28:44'),
	(102,'Eldred Nitzsche','maxine52@example.org','$2y$10$92IXUNpkjO0rOQ5byMi.Ye4oKoEa3Ro9llC/.og/at2.uheWG/igi','6026 Boehm Manors Suite 800\nNorth Kiaramouth, AK 74343','E6AHyo2Z0M','2022-03-04 14:28:44','2022-03-04 14:28:44'),
	(103,'Ella Gottlieb','abdiel57@example.com','$2y$10$92IXUNpkjO0rOQ5byMi.Ye4oKoEa3Ro9llC/.og/at2.uheWG/igi','65778 Osbaldo Burg Apt. 160\nO\'Reillyside, DC 93569','KpRN0zUkdz','2022-03-04 14:28:44','2022-03-04 14:28:44'),
	(104,'Mandy Farrell Sr.','becker.adriel@example.net','$2y$10$92IXUNpkjO0rOQ5byMi.Ye4oKoEa3Ro9llC/.og/at2.uheWG/igi','2062 Hermina Row\nPort Tinaville, NE 71432','Sos8RIMs1a','2022-03-04 14:28:44','2022-03-04 14:28:44'),
	(105,'Miss Ebony Haag III','crutherford@example.net','$2y$10$92IXUNpkjO0rOQ5byMi.Ye4oKoEa3Ro9llC/.og/at2.uheWG/igi','63550 Kulas Wall Suite 961\nConnerton, NH 72714-1410','ozkCo8voRw','2022-03-04 14:28:44','2022-03-04 14:28:44'),
	(106,'Freddie Casper','hbeier@example.org','$2y$10$92IXUNpkjO0rOQ5byMi.Ye4oKoEa3Ro9llC/.og/at2.uheWG/igi','6471 VonRueden Turnpike Suite 831\nLake Armandomouth, AR 21559','uXuDwPmJU0','2022-03-04 14:28:44','2022-03-04 14:28:44'),
	(107,'Prof. Joana Wilderman','yrobel@example.com','$2y$10$92IXUNpkjO0rOQ5byMi.Ye4oKoEa3Ro9llC/.og/at2.uheWG/igi','328 Toy Cliff\nAdrainfort, WV 43173-3006','OoNawxJsip','2022-03-04 14:28:44','2022-03-04 14:28:44'),
	(108,'Lexi Heller Jr.','purdy.maxwell@example.org','$2y$10$92IXUNpkjO0rOQ5byMi.Ye4oKoEa3Ro9llC/.og/at2.uheWG/igi','18801 Eulah Turnpike\nSouth Viola, SC 84078-7192','YdY7Sreggx','2022-03-04 14:28:44','2022-03-04 14:28:44'),
	(109,'Kelley Goodwin MD','evie.leffler@example.com','$2y$10$92IXUNpkjO0rOQ5byMi.Ye4oKoEa3Ro9llC/.og/at2.uheWG/igi','838 Mitchel Pike\nLake Wyman, WV 96816-3720','IhxcfXMm5q','2022-03-04 14:28:44','2022-03-04 14:28:44'),
	(110,'Mr. Dion Wintheiser','kieran13@example.net','$2y$10$92IXUNpkjO0rOQ5byMi.Ye4oKoEa3Ro9llC/.og/at2.uheWG/igi','261 Christiansen Lake Apt. 714\nIzaiahport, WI 75568-5109','0EzEJezQb9','2022-03-04 14:28:44','2022-03-04 14:28:44'),
	(111,'Kyle Quitzon','murazik.florine@example.net','$2y$10$92IXUNpkjO0rOQ5byMi.Ye4oKoEa3Ro9llC/.og/at2.uheWG/igi','1137 Kuhn Inlet Apt. 000\nNorth Faustinoside, MN 83829','eKG88sdajT','2022-03-04 14:28:44','2022-03-04 14:28:44'),
	(112,'Johnathan Greenholt','itzel79@example.net','$2y$10$92IXUNpkjO0rOQ5byMi.Ye4oKoEa3Ro9llC/.og/at2.uheWG/igi','499 Lysanne Springs\nWest Shanie, ND 21265','K0gra3XYqC','2022-03-04 14:28:44','2022-03-04 14:28:44'),
	(113,'Myra Auer','maud63@example.org','$2y$10$92IXUNpkjO0rOQ5byMi.Ye4oKoEa3Ro9llC/.og/at2.uheWG/igi','8067 Gerhold Terrace\nLeannonborough, AK 35922','HHrPrPo0Np','2022-03-04 14:28:44','2022-03-04 14:28:44'),
	(114,'Martin Ryan','hhuel@example.com','$2y$10$92IXUNpkjO0rOQ5byMi.Ye4oKoEa3Ro9llC/.og/at2.uheWG/igi','49165 Doyle Terrace Apt. 413\nHoegerberg, TN 24584','hpTJzUYL7L','2022-03-04 14:28:44','2022-03-04 14:28:44'),
	(115,'Lynn Goodwin','consuelo84@example.org','$2y$10$92IXUNpkjO0rOQ5byMi.Ye4oKoEa3Ro9llC/.og/at2.uheWG/igi','54360 Nicole Falls\nNorth Greta, NE 21418-9345','OhzqbSgHIs','2022-03-04 14:28:44','2022-03-04 14:28:44'),
	(116,'Ocie Miller','jacobi.jonathon@example.net','$2y$10$92IXUNpkjO0rOQ5byMi.Ye4oKoEa3Ro9llC/.og/at2.uheWG/igi','2597 Rosina Grove Suite 792\nGiannichester, FL 59364','WLLG3DYOvT','2022-03-04 14:28:44','2022-03-04 14:28:44'),
	(117,'Ramiro Rice','hill.trever@example.net','$2y$10$92IXUNpkjO0rOQ5byMi.Ye4oKoEa3Ro9llC/.og/at2.uheWG/igi','241 Hagenes Plain\nLake Katelyn, NY 56029','7KiVDHCmpW','2022-03-04 14:28:44','2022-03-04 14:28:44'),
	(118,'Dr. Dangelo Toy','schuster.colby@example.org','$2y$10$92IXUNpkjO0rOQ5byMi.Ye4oKoEa3Ro9llC/.og/at2.uheWG/igi','683 Goldner Parkways\nFredybury, CO 12959-0813','VH4zQ0ehNR','2022-03-04 14:28:44','2022-03-04 14:28:44'),
	(119,'Breana Vandervort IV','kamryn.west@example.com','$2y$10$92IXUNpkjO0rOQ5byMi.Ye4oKoEa3Ro9llC/.og/at2.uheWG/igi','270 Rohan Port\nDovietown, KY 06826-0768','5S2lS9srhi','2022-03-04 14:28:44','2022-03-04 14:28:44'),
	(120,'Prof. Boris Effertz I','scot.kunde@example.net','$2y$10$92IXUNpkjO0rOQ5byMi.Ye4oKoEa3Ro9llC/.og/at2.uheWG/igi','72336 Homenick Divide Suite 420\nWest Dillonside, ME 87089-5526','q0af17dhPN','2022-03-04 14:28:44','2022-03-04 14:28:44'),
	(121,'Corrine Casper','laurence38@example.org','$2y$10$92IXUNpkjO0rOQ5byMi.Ye4oKoEa3Ro9llC/.og/at2.uheWG/igi','9966 Joan Wells\nCaylashire, LA 39692-1070','jcsmv83WkM','2022-03-04 14:28:44','2022-03-04 14:28:44'),
	(122,'Germane Kinney','tenyfila@mailinator.com','$2y$10$w6b3eRV09nYDwv6UlSKrquOzCa.sBgYM3mhOiz0a3ba1ZLNZkiJjq','Architecto labore ve',NULL,'2022-03-04 14:29:56','2022-03-04 14:29:56');

/*!40000 ALTER TABLE `customers` ENABLE KEYS */;
UNLOCK TABLES;


# Dump of table failed_jobs
# ------------------------------------------------------------

DROP TABLE IF EXISTS `failed_jobs`;

CREATE TABLE `failed_jobs` (
  `id` bigint unsigned NOT NULL AUTO_INCREMENT,
  `uuid` varchar(255) COLLATE utf8mb4_unicode_ci NOT NULL,
  `connection` text COLLATE utf8mb4_unicode_ci NOT NULL,
  `queue` text COLLATE utf8mb4_unicode_ci NOT NULL,
  `payload` longtext COLLATE utf8mb4_unicode_ci NOT NULL,
  `exception` longtext COLLATE utf8mb4_unicode_ci NOT NULL,
  `failed_at` timestamp NOT NULL DEFAULT CURRENT_TIMESTAMP,
  PRIMARY KEY (`id`),
  UNIQUE KEY `failed_jobs_uuid_unique` (`uuid`)
) ENGINE=InnoDB DEFAULT CHARSET=utf8mb4 COLLATE=utf8mb4_unicode_ci;



# Dump of table migrations
# ------------------------------------------------------------

DROP TABLE IF EXISTS `migrations`;

CREATE TABLE `migrations` (
  `id` int unsigned NOT NULL AUTO_INCREMENT,
  `migration` varchar(255) COLLATE utf8mb4_unicode_ci NOT NULL,
  `batch` int NOT NULL,
  PRIMARY KEY (`id`)
) ENGINE=InnoDB DEFAULT CHARSET=utf8mb4 COLLATE=utf8mb4_unicode_ci;

LOCK TABLES `migrations` WRITE;
/*!40000 ALTER TABLE `migrations` DISABLE KEYS */;

INSERT INTO `migrations` (`id`, `migration`, `batch`)
VALUES
	(1,'2014_10_12_000000_create_users_table',1),
	(2,'2014_10_12_100000_create_password_resets_table',1),
	(3,'2019_08_19_000000_create_failed_jobs_table',1),
	(4,'2019_12_14_000001_create_personal_access_tokens_table',1),
	(5,'2022_02_28_154102_create_customers_table',1),
	(6,'2022_03_03_112337_create_bills_table',1);

/*!40000 ALTER TABLE `migrations` ENABLE KEYS */;
UNLOCK TABLES;


# Dump of table password_resets
# ------------------------------------------------------------

DROP TABLE IF EXISTS `password_resets`;

CREATE TABLE `password_resets` (
  `email` varchar(255) COLLATE utf8mb4_unicode_ci NOT NULL,
  `token` varchar(255) COLLATE utf8mb4_unicode_ci NOT NULL,
  `created_at` timestamp NULL DEFAULT NULL,
  KEY `password_resets_email_index` (`email`)
) ENGINE=InnoDB DEFAULT CHARSET=utf8mb4 COLLATE=utf8mb4_unicode_ci;



# Dump of table personal_access_tokens
# ------------------------------------------------------------

DROP TABLE IF EXISTS `personal_access_tokens`;

CREATE TABLE `personal_access_tokens` (
  `id` bigint unsigned NOT NULL AUTO_INCREMENT,
  `tokenable_type` varchar(255) COLLATE utf8mb4_unicode_ci NOT NULL,
  `tokenable_id` bigint unsigned NOT NULL,
  `name` varchar(255) COLLATE utf8mb4_unicode_ci NOT NULL,
  `token` varchar(64) COLLATE utf8mb4_unicode_ci NOT NULL,
  `abilities` text COLLATE utf8mb4_unicode_ci,
  `last_used_at` timestamp NULL DEFAULT NULL,
  `created_at` timestamp NULL DEFAULT NULL,
  `updated_at` timestamp NULL DEFAULT NULL,
  PRIMARY KEY (`id`),
  UNIQUE KEY `personal_access_tokens_token_unique` (`token`),
  KEY `personal_access_tokens_tokenable_type_tokenable_id_index` (`tokenable_type`,`tokenable_id`)
) ENGINE=InnoDB DEFAULT CHARSET=utf8mb4 COLLATE=utf8mb4_unicode_ci;



# Dump of table users
# ------------------------------------------------------------

DROP TABLE IF EXISTS `users`;

CREATE TABLE `users` (
  `id` bigint unsigned NOT NULL AUTO_INCREMENT,
  `name` varchar(255) COLLATE utf8mb4_unicode_ci NOT NULL,
  `email` varchar(255) COLLATE utf8mb4_unicode_ci NOT NULL,
  `email_verified_at` timestamp NULL DEFAULT NULL,
  `password` varchar(255) COLLATE utf8mb4_unicode_ci NOT NULL,
  `remember_token` varchar(100) COLLATE utf8mb4_unicode_ci DEFAULT NULL,
  `created_at` timestamp NULL DEFAULT NULL,
  `updated_at` timestamp NULL DEFAULT NULL,
  PRIMARY KEY (`id`),
  UNIQUE KEY `users_email_unique` (`email`)
) ENGINE=InnoDB DEFAULT CHARSET=utf8mb4 COLLATE=utf8mb4_unicode_ci;

LOCK TABLES `users` WRITE;
/*!40000 ALTER TABLE `users` DISABLE KEYS */;

INSERT INTO `users` (`id`, `name`, `email`, `email_verified_at`, `password`, `remember_token`, `created_at`, `updated_at`)
VALUES
	(1,'Admin','admin@example.com','2022-03-04 14:28:44','$2y$10$92IXUNpkjO0rOQ5byMi.Ye4oKoEa3Ro9llC/.og/at2.uheWG/igi','wzHeLjiKzY','2022-03-04 14:28:44','2022-03-04 14:28:44'),
	(2,'Eleazar Ernser','halvorson.orin@example.com','2022-03-04 14:28:44','$2y$10$92IXUNpkjO0rOQ5byMi.Ye4oKoEa3Ro9llC/.og/at2.uheWG/igi','6eefhqIH7M','2022-03-04 14:28:44','2022-03-04 14:28:44'),
	(3,'Prof. Jairo Hartmann','savanah.mayert@example.com','2022-03-04 14:28:44','$2y$10$92IXUNpkjO0rOQ5byMi.Ye4oKoEa3Ro9llC/.og/at2.uheWG/igi','UZW1M6Jfds','2022-03-04 14:28:44','2022-03-04 14:28:44'),
	(4,'Kody Kshlerin','josiane71@example.org','2022-03-04 14:28:44','$2y$10$92IXUNpkjO0rOQ5byMi.Ye4oKoEa3Ro9llC/.og/at2.uheWG/igi','1icNjcqASm','2022-03-04 14:28:44','2022-03-04 14:28:44'),
	(5,'Prof. Bartholome Bahringer II','heaney.werner@example.com','2022-03-04 14:28:44','$2y$10$92IXUNpkjO0rOQ5byMi.Ye4oKoEa3Ro9llC/.og/at2.uheWG/igi','YG4x2ptTus','2022-03-04 14:28:44','2022-03-04 14:28:44'),
	(6,'Prof. Jo Bednar DVM','luz00@example.org','2022-03-04 14:28:44','$2y$10$92IXUNpkjO0rOQ5byMi.Ye4oKoEa3Ro9llC/.og/at2.uheWG/igi','XVcEvLCXga','2022-03-04 14:28:44','2022-03-04 14:28:44'),
	(7,'Katarina Deckow','camylle03@example.net','2022-03-04 14:28:44','$2y$10$92IXUNpkjO0rOQ5byMi.Ye4oKoEa3Ro9llC/.og/at2.uheWG/igi','qjKI7Yno9F','2022-03-04 14:28:44','2022-03-04 14:28:44'),
	(8,'Mrs. Eva Kreiger IV','maria99@example.org','2022-03-04 14:28:44','$2y$10$92IXUNpkjO0rOQ5byMi.Ye4oKoEa3Ro9llC/.og/at2.uheWG/igi','SFMAQJhpN3','2022-03-04 14:28:44','2022-03-04 14:28:44'),
	(9,'Adan Yost','nlebsack@example.net','2022-03-04 14:28:44','$2y$10$92IXUNpkjO0rOQ5byMi.Ye4oKoEa3Ro9llC/.og/at2.uheWG/igi','CeOPWenxC1','2022-03-04 14:28:44','2022-03-04 14:28:44'),
	(10,'Jamey Mante','hane.marlen@example.com','2022-03-04 14:28:44','$2y$10$92IXUNpkjO0rOQ5byMi.Ye4oKoEa3Ro9llC/.og/at2.uheWG/igi','ksxhVtmZMs','2022-03-04 14:28:44','2022-03-04 14:28:44'),
	(11,'Arlo Okuneva','wbode@example.com','2022-03-04 14:28:44','$2y$10$92IXUNpkjO0rOQ5byMi.Ye4oKoEa3Ro9llC/.og/at2.uheWG/igi','ky9jGXUu7z','2022-03-04 14:28:44','2022-03-04 14:28:44'),
	(12,'Cathryn Johnson','hallie15@example.org','2022-03-04 14:28:44','$2y$10$92IXUNpkjO0rOQ5byMi.Ye4oKoEa3Ro9llC/.og/at2.uheWG/igi','cTzohLQAfP','2022-03-04 14:28:44','2022-03-04 14:28:44'),
	(13,'Prof. Christ Nienow','jenkins.graciela@example.com','2022-03-04 14:28:44','$2y$10$92IXUNpkjO0rOQ5byMi.Ye4oKoEa3Ro9llC/.og/at2.uheWG/igi','nmPjxEFEsu','2022-03-04 14:28:44','2022-03-04 14:28:44'),
	(14,'Prof. Adelbert Dare','adam.jones@example.net','2022-03-04 14:28:44','$2y$10$92IXUNpkjO0rOQ5byMi.Ye4oKoEa3Ro9llC/.og/at2.uheWG/igi','eOqUC1f36w','2022-03-04 14:28:44','2022-03-04 14:28:44'),
	(15,'Lester Schuppe','antwan.franecki@example.com','2022-03-04 14:28:44','$2y$10$92IXUNpkjO0rOQ5byMi.Ye4oKoEa3Ro9llC/.og/at2.uheWG/igi','x0kL1WjN7m','2022-03-04 14:28:44','2022-03-04 14:28:44'),
	(16,'Dr. Isaac Gibson PhD','xgislason@example.org','2022-03-04 14:28:44','$2y$10$92IXUNpkjO0rOQ5byMi.Ye4oKoEa3Ro9llC/.og/at2.uheWG/igi','5q6ZrU0OiF','2022-03-04 14:28:44','2022-03-04 14:28:44'),
	(17,'Leola Kuvalis III','orlo.dare@example.com','2022-03-04 14:28:44','$2y$10$92IXUNpkjO0rOQ5byMi.Ye4oKoEa3Ro9llC/.og/at2.uheWG/igi','i0n7QIXFzW','2022-03-04 14:28:44','2022-03-04 14:28:44'),
	(18,'Easton Lowe','dgulgowski@example.org','2022-03-04 14:28:44','$2y$10$92IXUNpkjO0rOQ5byMi.Ye4oKoEa3Ro9llC/.og/at2.uheWG/igi','Roxr93bFQb','2022-03-04 14:28:44','2022-03-04 14:28:44'),
	(19,'Lucious Hyatt','myriam59@example.net','2022-03-04 14:28:44','$2y$10$92IXUNpkjO0rOQ5byMi.Ye4oKoEa3Ro9llC/.og/at2.uheWG/igi','zYiU2PCAOv','2022-03-04 14:28:44','2022-03-04 14:28:44'),
	(20,'Mikayla Boyle','lambert95@example.com','2022-03-04 14:28:44','$2y$10$92IXUNpkjO0rOQ5byMi.Ye4oKoEa3Ro9llC/.og/at2.uheWG/igi','X7G9WXwxFE','2022-03-04 14:28:44','2022-03-04 14:28:44'),
	(21,'Prof. Francesca Fadel','buckridge.durward@example.org','2022-03-04 14:28:44','$2y$10$92IXUNpkjO0rOQ5byMi.Ye4oKoEa3Ro9llC/.og/at2.uheWG/igi','DtAM7MFDxN','2022-03-04 14:28:44','2022-03-04 14:28:44'),
	(22,'Lesly Mertz','bret.senger@example.org','2022-03-04 14:28:44','$2y$10$92IXUNpkjO0rOQ5byMi.Ye4oKoEa3Ro9llC/.og/at2.uheWG/igi','QsbwiJ7k53','2022-03-04 14:28:44','2022-03-04 14:28:44'),
	(23,'Emmitt Luettgen I','lkautzer@example.org','2022-03-04 14:28:44','$2y$10$92IXUNpkjO0rOQ5byMi.Ye4oKoEa3Ro9llC/.og/at2.uheWG/igi','rqb5uKXEsB','2022-03-04 14:28:44','2022-03-04 14:28:44'),
	(24,'Aurore Blick','jkoepp@example.com','2022-03-04 14:28:44','$2y$10$92IXUNpkjO0rOQ5byMi.Ye4oKoEa3Ro9llC/.og/at2.uheWG/igi','J4vmH7kyKd','2022-03-04 14:28:44','2022-03-04 14:28:44'),
	(25,'Jake Morissette I','maud17@example.org','2022-03-04 14:28:44','$2y$10$92IXUNpkjO0rOQ5byMi.Ye4oKoEa3Ro9llC/.og/at2.uheWG/igi','nHDcI40AKH','2022-03-04 14:28:44','2022-03-04 14:28:44'),
	(26,'Prof. Ocie Ruecker IV','kelli.deckow@example.com','2022-03-04 14:28:44','$2y$10$92IXUNpkjO0rOQ5byMi.Ye4oKoEa3Ro9llC/.og/at2.uheWG/igi','1sJQBtJr0o','2022-03-04 14:28:44','2022-03-04 14:28:44');

/*!40000 ALTER TABLE `users` ENABLE KEYS */;
UNLOCK TABLES;



/*!40111 SET SQL_NOTES=@OLD_SQL_NOTES */;
/*!40101 SET SQL_MODE=@OLD_SQL_MODE */;
/*!40014 SET FOREIGN_KEY_CHECKS=@OLD_FOREIGN_KEY_CHECKS */;
/*!40101 SET CHARACTER_SET_CLIENT=@OLD_CHARACTER_SET_CLIENT */;
/*!40101 SET CHARACTER_SET_RESULTS=@OLD_CHARACTER_SET_RESULTS */;
/*!40101 SET COLLATION_CONNECTION=@OLD_COLLATION_CONNECTION */;
